YPF-00000005        ,M,ACEITE 2T - 100 CM3                                         ,RE2T           ,YPF-ELAION          ,YPF-00000005.jpg              ,0
BAJ-24121245        ,M,ACOPLE                                                      ,4T GLP         ,BAJAJ               ,BAJ-24121245.png              ,0
BAJ-AA101479        ,M,ACTUADOR DE EMBRAGUE                                        ,RE4T           ,BAJAJ               ,BAJ-AA101479.jpg              ,0
MRP-03120210        ,H,AGUJA DE FLOTADOR                                           ,RE2T           ,MRP                 ,MRP-03120210.jpg              ,0
END-AB171044        ,M,AMORTIGUADOR DELANTERO BAJAJ                                ,RE2T. RE4T     ,ENDURANCE           ,END-AB171044.jpg              ,0
END-G2100010        ,M,AMORTIGUADOR DELANTERO TVS KING                             ,TVS KING       ,ENDURANCE           ,END-G2100010.jpg              ,0
END-24171094        ,M,AMORTIGUADOR POSTERIOR BAJAJ                                ,RE2T. RE4T     ,ENDURANCE           ,END-24171094.jpg              ,0
END-JL122006        ,M,AMORTIGUADOR POSTERIOR MONOSHOX                             ,PULSAR 220     ,ENDURANCE           ,END-JL122006.jpg              ,0
END-G2090100        ,M,AMORTIGUADOR POSTERIOR TVS KING                             ,TVS KING       ,ENDURANCE           ,END-G2090100.jpg              ,0
SAM-22101242/025    ,M,ANILLO (1.5MM) 2T - 0.25                                    ,RE2T           ,SAM                 ,SAM-22101242_025.jpg          ,0
SAM-22101242        ,M,ANILLO (1.5MM) 2T - STD                                     ,RE2T           ,SAM                 ,SAM-22101242.jpg              ,0
SAM-22101211/025    ,M,ANILLO (2.5MM) 2T - 0.25                                    ,RE2T           ,SAM                 ,SAM-22101211_025.jpg          ,0
SAM-22101211/050    ,M,ANILLO (2.5MM) 2T - 0.50                                    ,RE2T           ,SAM                 ,SAM-22101211_050.jpg          ,0
SAM-22101211        ,M,ANILLO (2.5MM) 2T - STD                                     ,RE2T           ,SAM                 ,SAM-22101211.jpg              ,0
MRP-15101122        ,H,ANILLO DE TUBO ESCAPE 2T                                    ,RE2T           ,MRP                 ,MRP-15101122.jpg              ,0
MRP-00000001        ,H,ANILLO DE TUBO ESCAPE 4T                                    ,RE4T           ,MRP                 ,MRP-00000001.jpg              ,0
SAM-36AN0012/025    ,M,ANILLO FL GLP - 0.25                                        ,RE FL          ,SAM                 ,SAM-36AN0012_025.jpg          ,0
SAM-36AN0012/050    ,M,ANILLO FL GLP - 0.50                                        ,RE FL          ,SAM                 ,SAM-36AN0012_050.jpg          ,0
SAM-AN101066/025    ,M,ANILLO RE205 - 0.25                                         ,RE205          ,SAM                 ,SAM-AN101066_025.jpg          ,0
SAM-AN101066/050    ,M,ANILLO RE205 - 0.50                                         ,RE206          ,SAM                 ,SAM-AN101066_050.jpg          ,0
ATM-39020011        ,M,ANILLO TUBO ESCAPE 2T FL                                    ,RE2T FL        ,ATMAK               ,ATM-39020011.png              ,0
SAM-G4320650        ,M,ANILLO TVS KING 0.25                                        ,TVS KING       ,SAM                 ,SAM-G4320650.jpg              ,0
SAM-G4320660        ,M,ANILLO TVS KING 0.50                                        ,TVS KING       ,SAM                 ,SAM-G4320660.jpg              ,0
SAM-G4320640        ,M,ANILLO TVS KING STD                                         ,TVS KING       ,SAM                 ,SAM-G4320640.jpg              ,0
MRP-AA101055        ,H,ARANDELA DE APOYO  MAIN SHAFT                               ,RE175          ,MRP                 ,MRP-AA101055.jpg              ,0
BAJ-AA101058        ,M,ARANDELA DE PIÑON DOBLE                                     ,TORITO 4T 175. ,BAJAJ               ,BAJ-AA101058.jpg              ,0
VAR-AA111082        ,M,ARMADURA DE ARRANCADOR                                      ,RE4T           ,VARROC              ,VAR-AA111082.jpg              ,0
LUC-G4320560        ,M,ARMADURA TVS KING                                           ,TVS KING       ,LUCAS               ,LUC-G4320560.jpg              ,0
ATM-22151090        ,M,ARO DE RUEDA                                                ,RE2T. RE4T     ,ATMAK               ,ATM-22151090.jpg              ,0
VAR-22151090        ,M,ARO DE RUEDA MODERNO                                        ,RE2T. RE4T     ,VARROC              ,VAR-22151090.jpg              ,0
VAR-AB111001        ,M,ARRANCADOR COMPLETO 205                                     ,RE175. RE205   ,VARROC              ,VAR-AB111001.jpg              ,0
VAR-AP111007        ,M,ARRANCADOR COMPLETO 2T FL                                   ,RE2T FL        ,VARROC              ,VAR-AP111007.jpg              ,0
VAR-AF111021        ,M,ARRANCADOR COMPLETO FL                                      ,RE FL          ,VARROC              ,VAR-AF111021.jpg              ,0
LUC-G4060170        ,M,ARRANCADOR COMPLETO TVS KING                                ,TVS KING       ,LUCAS               ,LUC-G4060170.jpg              ,0
BAJ-28101129        ,M,ASIENTO DE RESORTE DE VALVULA                               ,TORITO 4T 205  ,BAJAJ               ,BAJ-28101129.jpg              ,0
BAJ-31101020        ,M,BALANCIN                                                    ,RE205. 175     ,BAJAJ               ,BAJ-31101020.jpg              ,0
BAJ-DK101755        ,M,BALANCINES                                                  ,REFL - PUL180  ,BAJAJ               ,BAJ-DK101755.jpg              ,0
BAJ-AA131033        ,M,BASE PIÑON PLANETARIO                                       ,RE205          ,BAJAJ               ,BAJ-AA131033.jpg              ,0
BAJ-AA101819        ,M,BASE SELECTOR CAMBIO                                        ,REFL           ,BAJAJ               ,BAJ-AA101819.jpg              ,0
VAR-AA111083        ,M,BENDIX 175                                                  ,RE2T. RE4T     ,VARROC              ,VAR-AA111083.jpg              ,0
VAR-AP101032        ,M,BENDIX 2T FL                                                ,RE2T FL        ,VARROC              ,VAR-AP101032.jpg              ,0
ATM-AA111094        ,M,BENDIX MODERNO                                              ,RE175.RE205. FL,ATMAK               ,ATM-AA111094.jpg              ,0
VAR-AA111094        ,M,BENDIX MODERNO                                              ,RE175.RE205. FL,VARROC              ,VAR-AA111094.jpg              ,0
LUC-G4320570        ,M,BENDIX TVS KING                                             ,TVS KING       ,LUCAS               ,LUC-G4320570.jpg              ,0
BAJ-CX141044        ,M,BILLA DE ACERO GLP-GNV                                      ,4T GNV - GLP   ,BAJAJ               ,BAJ-CX141044.png              ,0
BAJ-30101197        ,M,BILLA DE VARILLA EMPUJE                                     ,RE4T           ,BAJAJ               ,BAJ-30101197.jpg              ,0
NAC-00000001        ,H,BISAGRA DELANTERA DERECHA                                   ,RE2T. RE4T     ,MRP                 ,NAC-00000001.jpg              ,0
NAC-00000002        ,H,BISAGRA DELANTERA IZQUIERDA                                 ,RE2T. RE4T     ,MRP                 ,NAC-00000002.jpg              ,0
BAJ-BA132141        ,M,BLOQUE DESLIZANTE                                           ,RE205          ,BAJAJ               ,BAJ-BA132141.jpg              ,0
VAR-24111108        ,M,BOBINA  ALTA 2T FL MOD.                                     ,RE2T FL        ,VARROC              ,VAR-24111108.jpg              ,0
SPM-AE111006        ,M,BOBINA ALTA 2T 5L ANTIGUA                                   ,RE2T           ,SPARK MINDA         ,SPM-AE111006.jpg              ,0
SPM-24111121        ,M,BOBINA ALTA 2T 5L MODERNA                                   ,RE2T           ,SPARK MINDA         ,SPM-24111121.jpg              ,0
VAR-AN111017        ,M,BOBINA ALTA 4T FL                                           ,REFL           ,VARROC              ,VAR-AN111017.jpg              ,0
VAR-AF111012        ,M,BOBINA ALTA 4T MOD.                                         ,RE205          ,VARROC              ,VAR-AF111012.jpg              ,0
MRP-AE111006        ,H,BOBINA ALTA 5L                                              ,RE2T           ,MRP                 ,MRP-AE111006.jpg              ,0
VAR-24111099        ,M,BOBINA CARGA                                                ,RE2T           ,VARROC              ,VAR-24111099.jpg              ,0
BAJ-AF111010        ,M,BOBINA DE ALTA MOD.                                         ,RE205          ,BAJAJ               ,BAJ-AF111010.jpg              ,0
MRP-08111018        ,H,BOBINA DE CARGA 5L DESDE MAY'00 HAS SEP'04                  ,RE2T           ,MRP                 ,                              ,0
MRP-24111087        ,H,BOBINA DE LUZ #1 5L DESDE MAY'00 HAST SEP'04                ,RE2T           ,MRP                 ,                              ,0
VAR-AA111052        ,M,BOBINA DE PIQUE (NEGRA)                                     ,RE2T           ,VARROC              ,VAR-AA111052.jpg              ,0
VAR-00000008        ,M,BOBINA DE PIQUE 2T FL                                       ,RE2T FL        ,VARROC              ,                              ,0
BAJ-AB171016        ,M,BOCINA BOCAMAZA DEL.                                        ,RE2T. RE4T     ,BAJAJ               ,BAJ-AB171016.jpg              ,0
ATM-AB171016        ,M,BOCINA BOCAMAZA DELANTERA                                   ,RE2T. RE4T     ,ATMAK               ,ATM-AB171016.jpg              ,0
MRP-AA101215        ,H,BOCINA CHICA                                                ,RE2T. RE4T     ,MRP                 ,MRP-AA101215.jpg              ,0
VAR-AB171016        ,M,BOCINA DE AMORTIGUADOR DELANTERO ANTIDIVE                   ,RE4T           ,VARROC              ,VAR-AB171016.jpg              ,0
ATM-AB171020        ,M,BOCINA PIN PIVOT ANTIDIVE                                   ,RE2T. RE4T     ,ATMAK               ,ATM-AB171020.jpg              ,0
VAR-AA171006        ,M,BOCINA TRAPECIO                                             ,RE2T. RE4T     ,VARROC              ,VAR-AA171006.jpg              ,0
BAJ-AA171006        ,M,BOCINA TRAPECIO                                             ,RE4T           ,BAJAJ               ,BAJ-AA171006.jpg              ,0
VAR-AA121060        ,M,BOMBA DE ACEITE 4T (39 DIENTES) FL                          ,RE4T FL        ,VARROC              ,VAR-AA121060.jpg              ,0
BAJ-AA121336        ,M,BOMBA DE ACEITE COMPLETA 4T                                 ,REFL           ,BAJAJ               ,BAJ-AA121336.jpg              ,0
END-AB151063        ,M,BOMBA DE FRENO MAESTRO COMPLETO                             ,RE2T. RE4T     ,ENDURANCE           ,END-AB151063.jpg              ,0
BAJ-AB151063        ,M,BOMBA MASTER COMPLETA 175/205                               ,RE175. RE205   ,BAJAJ               ,BAJ-AB151063.jpg              ,0
END-24151258        ,M,BOMBA MASTER FL                                             ,REFL           ,ENDURANCE           ,END-24151258.jpg              ,0
END-00000005        ,M,BOMBA MASTER XCROM                                          ,XCROM          ,ENDURANCE           ,END-00000005.jpg              ,0
END-24151163        ,M,BOMBIN DELANTERO                                            ,RE2T. RE4T     ,ENDURANCE           ,END-24151163.jpg              ,0
ATM-24151163        ,M,BOMBIN DELANTERO                                            ,RE2T. RE4T     ,ATMAK               ,ATM-24151163.jpg              ,0
END-24151164        ,M,BOMBIN POSTERIOR                                            ,RE2T. RE4T     ,ENDURANCE           ,END-24151164.jpg              ,0
ATM-24151164        ,M,BOMBIN POSTERIOR                                            ,RE2T. RE4T     ,ATMAK               ,ATM-24151164.jpg              ,0
LUM-AF201146        ,H,BOTON DE ARRANQUE                                           ,RE205          ,LUMAX               ,LUM-AF201146.jpg              ,0
ATM-24161267        ,M,BRAZO CONECTOR                                              ,RE2T.RE4T      ,ATMAK               ,MRP-24161267.jpg              ,0
END-24151169        ,M,BRAZO PUNTAL COMPLETO DELANTERO                             ,RE2T. RE4T     ,ENDURANCE           ,END-24151169.jpg              ,0
END-24151180        ,M,BRAZO PUNTAL COMPLETO DERECHO                               ,RE2T. RE4T     ,ENDURANCE           ,END-24151180.jpg              ,0
END-24151179        ,M,BRAZO PUNTAL COMPLETO DERECHO  XCROM -FL                    ,RE FL . XCROM  ,ENDURANCE           ,END-24151179.jpg              ,0
END-24151175        ,M,BRAZO PUNTAL COMPLETO IZQUIERDO XCROM - FL                  ,RE FL . XCROM  ,ENDURANCE           ,END-24151176.jpg              ,0
VAR-24171180        ,M,BRAZO TRAPECIO 2T-4T FL DER.                                ,RE2T. RE4T (FL),VARROC              ,VAR-24171180.jpg              ,0
VAR-24171179        ,M,BRAZO TRAPECIO 2T-4T FL IZQ.                                ,RE2T. RE4T (FL),VARROC              ,VAR-24171179.jpg              ,0
VAR-24171121        ,M,BRAZO TRAPECIO DERECHO                                      ,RE2T. RE175    ,VARROC              ,VAR-24171121.jpg              ,0
VAR-24171120        ,M,BRAZO TRAPECIO IZQUIERDO                                    ,RE2T. RE175    ,VARROC              ,VAR-24171120.jpg              ,0
CHA-AB111015/CNG    ,M,BUJIA PRL9YC - CHAMPIONS                                    ,RE4T           ,CHAMPIONS           ,CHA-AB111015_CNG.png          ,0
ATM-G4170020        ,H,CABLE DE ACELERADOR C/FUNDA TVS KIGN                        ,TVS KING       ,ATMAK               ,ATM-G4170020.jpg              ,0
MRP-00000002        ,H,CABLE DE BUJIA 2T                                           ,RE2T           ,MRP                 ,MRP-00000002.jpg              ,0
MRP-AA191065        ,H,CABLE Y FUNDA COMPLETO DE ACELERADOR (SET'01-JUL'07)        ,RE175          ,MRP                 ,MRP-AA191065.jpg              ,0
MRP-22191096        ,H,CABLE Y FUNDA COMPLETO DE VELOCIMETRO 2T/4T MODERNO         ,RE 2T. RE175   ,MRP                 ,MRP-22191096.jpg              ,0
BAJ-AA101569        ,M,CADENA DE LEVAS -TORO                                       ,RE205          ,BAJAJ               ,BAJ-AA101569.jpg              ,0
MRP-AB181012        ,H,CANASTILLA GRANDE ANTIDIVE                                  ,RE2T. RE4T     ,MRP                 ,MRP-AB181012.jpg              ,0
ATM-00000001        ,M,CANDADO FL                                                  ,RE2T.RE4T      ,ATMAK               ,ATM-00000001.jpg              ,0
NAC-22191093        ,H,CANDADO RE175 RE205                                        ,RE175. RE205   ,NACIONAL            ,NAC-22191093.jpg              ,0
ATM-AA171025        ,M,CAÑA DE DIRECCION FL                                        ,RE2T. RE4T     ,ATMAK               ,ATM-AA171025.jpg              ,0
ATM-AP181012        ,H,CAÑA DE TIMON DOBLE FL                                      ,REFL           ,ATMAK               ,ATM-AP181012.jpg              ,0
ATM-AA111074        ,M,CAPUCHON BUJIA RE175/205                                    ,RE175. RE205   ,ATMAK               ,ATM-AA111074.jpg              ,0
BAJ-AA111074        ,M,CAPUCHON DE BUJIA 1KOHM                                     ,TORITO 4T      ,BAJAJ               ,BAJ-AA111074.jpg              ,0
BAJ-AE121006        ,M,CARBURADOR 5L                                               ,RE2T           ,BAJAJ               ,BAJ-AE121006.jpg              ,0
BAJ-24121457        ,M,CARBURADOR 5L MODERNO                                       ,RE175. RE205   ,BAJAJ               ,BAJ-24121457.jpg              ,0
ATM-00000027        ,M,CARCAZA DE PAQUETE EMBRAGUE 2T 5L                           ,RE2T 5L        ,ATMAK               ,ATM-00000027.jpg              ,0
END-35101170        ,M,CARCAZA DE PAQUETE EMBRAGUE 5L                              ,RE2T           ,ENDURANCE           ,END-35101170.jpg              ,0
ATM-24191101        ,M,CARRETEL DE CABLE ACELERADOR                                ,RE205          ,ATMAK               ,ATM-24191101.jpg              ,0
ATM-24191100        ,M,CARRETEL DE CABLE CAMBIO                                    ,RE205          ,ATMAK               ,ATM-24191100.jpg              ,0
SPM-AN111014        ,M,CDI (NEGRO) RE205                                           ,RE205          ,SPARK MINDA         ,SPM-AN111014.jpg              ,0
VAR-AN111014        ,M,CDI 205 (LPG/CNG)                                           ,RE205          ,VARROC              ,VAR-AN111014.jpg              ,0
VAR-AN111007        ,M,CDI 205 (NEGRO)                                             ,RE205          ,VARROC              ,VAR-AN111007.jpg              ,0
SPM-24111189        ,M,CDI 2T 5L                                                   ,RE2T           ,SPARK MINDA         ,SPM-24111189.jpg              ,0
VAR-24111189        ,M,CDI 2T 5L                                                   ,RE2T 5L        ,VARROC              ,VAR-24111189.jpg              ,0
VAR-00000010        ,M,CDI 4T FL (CNG) NEGRO                                       ,RE FL          ,VARROC              ,VAR-00000010.jpg              ,0
VAR-00000009        ,M,CDI 4T FL (LPG) ROJO                                        ,RE FL          ,VARROC              ,VAR-00000009.jpg              ,0
VAR-AA111124        ,M,CDI ELECTRONICO AMARILLO                                    ,RE2T. RE4T     ,VARROC              ,VAR-AA111124.jpg              ,0
VAR-AA111091        ,M,CDI ELECTRONICO VERDE                                       ,RE4T           ,VARROC              ,VAR-AA111091.jpg              ,0
VAR-AA111123        ,M,CDI PLOMO                                                   ,RE4T           ,VARROC              ,VAR-AA111123.jpg              ,0
VAR-G4060040        ,M,CDI TVS                                                     ,TVS KING       ,VARROC              ,VAR-G4060040.jpg              ,0
ATM-G4060130        ,H,CDI TVS KING                                                ,TVS KING       ,ATMAK               ,ATM-G4060130.jpg              ,0
CLP-15790           ,H,CHAPA DE PUERTA LATERAL DELANTERA                           ,RE2T. RE4T     ,CILIPARTS           ,CLP-15790.jpg                 ,0
MRP-00000003        ,H,CHAPA DE PUERTA POSTERIOR                                   ,RE2T. RE4T     ,MRP                 ,MRP-00000003.jpg              ,0
SPM-36244028        ,M,CHAPA ENCENDIDO 2T FL (SW-0169EZ)                           ,RE 2T FL       ,SPARK MINDA         ,SPM-36244028.jpg              ,0
SPM-AF201131        ,M,CHAPA ENCENDIDO RE2175/205 (2013)                           ,RE175. RE205   ,SPARK MINDA         ,SPM-AF201131.jpg              ,0
BAJ-31101173        ,M,CHAVETA DE CIGÜEÑAL                                         ,RE175          ,BAJAJ               ,BAJ-31101173.jpg              ,0
BAJ-AA101345        ,M,CHAVETA DE CIGÜEÑAL                                         ,RE175          ,BAJAJ               ,BAJ-AA101345.jpg              ,0
MRP-24121077/78     ,H,CHICLER Nº 78 5L                                            ,RE2T           ,MRP                 ,MRP-24121077_78.jpg           ,0
MRP-24121077/80     ,H,CHICLER Nº 80 5L                                            ,RE2T           ,MRP                 ,MRP-24121077_80.jpg           ,0
MRP-24121077/85     ,H,CHICLER Nº 85 5L                                            ,RE2T           ,MRP                 ,MRP-24121077_85.jpg           ,0
VAR-AB201074        ,M,CLAXON                                                      ,RE2T. RE4T     ,VARROC              ,VAR-AB201074.jpg              ,0
BAJ-AA101154        ,M,COLADOR DE ACEITE                                           ,RE205          ,BAJAJ               ,BAJ-AA101154.jpg              ,0
MRP-00000004        ,H,CONTRACHAPA                                                 ,RE2T. RE4T     ,MRP                 ,MRP-00000004.jpg              ,0
VAR-AA101722        ,M,COPA DE PALIER LADO DIFERENCIAL GRANDE 4C                   ,RE205 .FL      ,VARROC              ,VAR-AA101722.jpg              ,0
VAR-BA132172        ,M,COPA DE PALIER LADO DIFERENCIAL GRANDE 4C                   ,R2T. RE4T      ,VARROC              ,VAR-BA132172.jpg              ,0
VAR-AA101721        ,M,COPA DE PALIER LADO MOTOR MEDIANA 4C                        ,RE205 .FL      ,VARROC              ,VAR-AA101721.tif              ,0
VAR-AY141202        ,M,COPA DE PALIER LADO RUEDA 4C                                ,RE205 .FL      ,VARROC              ,VAR-AY141202.jpg              ,0
MRP-BA1321712C      ,H,COPA DE PALIER LADO SATELITE MEDIANA 2C                     ,RE2T. RE4T     ,MRP                 ,MRP-BA1321712C.jpg            ,0
VAR-BA132171        ,M,COPA DE PALIER LADO SATELITE MEDIANA 4C                     ,RE2T. RE4T     ,VARROC              ,VAR-BA132171.jpg              ,0
ATM-BA132172        ,M,COPA GRANDE RE175 C/KIT DADOS - RETEN                       ,RE 175         ,ATMAK               ,ATM-BA132172.jpg              ,0
ATM-BA132173        ,M,COPA RUEDA RE175 C/KIT DADOS - RETEN                        ,RE175          ,ATMAK               ,ATM-BA132173.jpg              ,0
GRR-AB101067        ,M,CRUCETA 4T GR                                               ,RE4T           ,GR                  ,GRR-AB101067.jpg              ,0
BAJ-AA101262        ,M,CUBIERTA CENTRAL DE ENFRIADOR                               ,RE175          ,BAJAJ               ,BAJ-AA101262.jpg              ,0
END-AA101592        ,M,CUBIERTA DE EMBRAGUE COMPLETA (74 DIENTES) GLP              ,RE205 .FL      ,ENDURANCE           ,END-AA101592.jpg              ,0
LUM-AB111107        ,H,CUBIERTA DE IMANES DE LA ARMADURA (YOKE)                    ,RE2T. RE4T     ,LUMAX               ,LUM-AB111107.jpg              ,0
VAR-AB111107        ,M,CUBIERTA DE IMANES DE LA ARMADURA (YOKE)                    ,RE2T. RE4T     ,VARROC              ,VAR-AB111107.jpg              ,0
BAJ-AA101512        ,M,CUBIERTA INTERNA DE EMBRAGUE                                ,RE205          ,BAJAJ               ,BAJ-AA101512.jpg              ,0
END-AA101473        ,M,CUBO DE EMBRAGUE 4T - PARA AA101469                         ,RE205. REFL    ,ENDURANCE           ,END-AA101473.jpg              ,0
MRP-24171068        ,H,DADO DE PALIER                                              ,RE2T. RE4T     ,MRP                 ,MRP-24171068.jpg              ,0
END-AB151054        ,M,DEPOSITO LIQUIDO DE FRENO                                   ,RE2T. RE4T     ,ENDURANCE           ,END-AB151054.jpg              ,0
BAJ-JS172023        ,M,DIAFRAGMA  PRIMARIO                                         ,RE205 GLP      ,BAJAJ               ,BAJ-JS172023.png              ,0
BAJ-JS172015        ,M,DIAFRAGMA  SECUNDARIO                                       ,RE205 GLP      ,BAJAJ               ,BAJ-JS172015.png              ,0
END-AE101016        ,M,DISCO EMBRAGUE (SET / 3) 5L                                 ,RE2T           ,ENDURANCE           ,END-AE101016.jpg              ,0
ATM-AA101210        ,H,DISCO EMBRAGUE (SET / 7)                                    ,RE175          ,ATMAK               ,ATM-AA101210.jpg              ,0
END-AA101210        ,M,DISCO EMBRAGUE (SET / 7)                                    ,RE175          ,ENDURANCE           ,END-AA101210.jpg              ,0
END-AA101478        ,M,DISCO EMBRAGUE (SET / 7)  205                               ,RE205          ,ENDURANCE           ,END-AA101478.jpg              ,0
ATM-36AA4025        ,H,DISCO EMBRAGUE (SET / 7) FL                                 ,REFL           ,ATMAK               ,ATM-36AA4025.jpg              ,0
END-36AA4025        ,M,DISCO EMBRAGUE (SET / 7) FL                                 ,REFL           ,ENDURANCE           ,END-36AA4025.jpg              ,0
ATM-AA101478        ,H,DISCO EMBRAGUE (SET / 7) RE205                              ,RE205          ,ATMAK               ,ATM-AA101478.jpg              ,0
END-AP101292        ,M,DISCO EMBRAGUE COMPLETO (SET.4) 2T FL                       ,RE2T FL        ,ENDURANCE           ,END-AP101292.jpg              ,0
ATM-36JE0005        ,H,DISCO EMBRAGUE DELGADO                                      ,PUL135. DISC135,ATMAK               ,ATM-36JE0005.jpg              ,0
ATM-JZ551417        ,H,DISCO EMBRAGUE FL (SOLO)                                    ,REFL           ,ATMAK               ,ATM-JZ551417.jpg              ,0
END-JZ551417        ,M,DISCO EMBRAGUE FL (SOLO)                                    ,REFL           ,ENDURANCE           ,END-JZ551417.jpg              ,0
END-G4320690        ,M,DISCO EMBRAGUE TVS KING                                     ,TVS KING       ,ENDURANCE           ,END-G4320690.jpg              ,0
BAJ-AA101137        ,M,EJE DE BALANCIN 205                                         ,RE205          ,BAJAJ               ,BAJ-AA101137.jpg              ,0
BAJ-13101024        ,M,EJE DE BALANCIN 205D                                        ,RE205D         ,BAJAJ               ,BAJ-13101024.jpg              ,0
BAJ-AA101666        ,M,EJE DE LEVAS                                                ,RE205          ,BAJAJ               ,BAJ-AA101666.jpg              ,0
BAJ-AA102003        ,M,EJE DE LEVAS                                                ,REFL XCROM2    ,BAJAJ               ,BAJ-AA102003.jpg              ,0
BAJ-AA101392        ,M,EJE DE TREN FIJO                                            ,TORITO 4T      ,BAJAJ               ,BAJ-AA101392.jpg              ,0
VAR-AB171034        ,M,EJE DELANTERO ANTIGUO                                       ,RE2T. RE4T     ,VARROC              ,VAR-AB171034.jpg              ,0
VAR-24171118        ,M,EJE POSTERIOR MODERNO                                       ,RE2T. RE4T     ,VARROC              ,VAR-24171118.jpg              ,0
MRP-G2110530        ,H,EJE POSTERIOR TVS                                           ,TVS KING       ,MRP                 ,MRP-G2110530.jpg              ,0
MRP-24101100        ,H,EJE PROPULSOR 5L (MECHA MACHO)                              ,RE2T           ,MRP                 ,MRP-24101100.jpg              ,0
END-AA101598        ,M,EMBRAGUE COMPLETO 200CC. 74T - FL                           ,REFL           ,ENDURANCE           ,END-AA101598.jpg              ,0
ATM-AE101014        ,M,EMBRAGUE COMPLETO 2T 5L                                     ,RE2T           ,ATMAK               ,ATM-AE101014.jpg              ,0
BAJ-AE101014        ,M,EMBRAGUE COMPLETO 2T 5L                                     ,RE2T 5L        ,BAJAJ               ,BAJ-AE101014.jpg              ,0
END-AE101014        ,M,EMBRAGUE COMPLETO 2T 5L                                     ,RE2T 5L        ,ENDURANCE           ,END-AE101014.jpg              ,0
BAJ-24171081        ,M,EMBRAGUE COMPLETO 2T FL                                     ,RE2T FL        ,BAJAJ               ,BAJ-24171081.jpg              ,0
END-24171081        ,M,EMBRAGUE COMPLETO 2T FL                                     ,RE2T FL        ,ENDURANCE           ,END-24171081.jpg              ,0
ATM-AA101598        ,M,EMBRAGUE COMPLETO FL 74 DIENTES                             ,REFL           ,ATMAK               ,ATM-AA101598.jpg              ,0
ATM-AA101062        ,M,EMBRAGUE COMPLETO RE175                                     ,RE175          ,ATMAK               ,ATM-AA101062.jpg              ,0
ATM-AA101469        ,M,EMBRAGUE COMPLETO RE205 76 DIENTES                          ,RE205          ,ATMAK               ,ATM-AA101469.jpg              ,0
END-00000004        ,M,EMBRAGUE COMPLETO XCROM - 77 T                              ,XCROM          ,ENDURANCE           ,END-00000004.jpg              ,0
MRP-00000005        ,H,EMPAQUE BAQUELITA DE CARBURADOR                             ,RE2T.RE4T      ,MRP                 ,MRP-00000005.jpg              ,0
ATM-AA101013        ,H,EMPAQUE CILINDRO 4T                                         ,RE4T           ,ATMAK               ,ATM-AA101013.jpg              ,0
ATM-24101723        ,M,EMPAQUE CULATA 2T FL                                        ,RE2T FL        ,ATMAK               ,ATM-24101723.png              ,0
ATM-19101003        ,H,EMPAQUE CULATA 5L                                           ,RE2T           ,ATMAK               ,ATM-19101003.jpg              ,0
MRP-AA101328        ,H,EMPAQUETADURA CARTER                                        ,RE175          ,MRP                 ,MRP-AA101328.jpg              ,0
BAJ-AN101012        ,M,EMPAQUETADURA DE CULATA 205                                 ,RE205          ,BAJAJ               ,BAJ-AN101012.jpg              ,0
MRP-AA131016-P      ,H,EMPAQUETADURA DE DIFERENCIAL 4T (PESADO)                    ,RE175          ,MRP                 ,MRP-AA131016-P.jpg            ,0
MRP-AA121010        ,H,EMPAQUETADURA DE FILTRO/ACEITE 4T                           ,RE175          ,MRP                 ,MRP-AA121010.jpg              ,0
NAC-AA121010        ,H,EMPAQUETADURA DE FILTRO/ACEITE 4T NAC.                      ,RE175          ,NACIONAL            ,NAC-AA121010.jpg              ,0
MRP-AA101077P       ,H,EMPAQUETADURA DE TAPA/EMB 4T (PESADO)                       ,RE175          ,MRP                 ,MRP-AA101077P.jpg             ,0
ARC-24230185        ,H,ESCARPIN                                                    ,RE2T. RE4T     ,AERO RUBBER         ,ARC-24230185.jpg              ,0
MRP-01100818        ,H,ESPACIADOR DE BRONCE/EMBRAGUE 5L                            ,RE 2T          ,MRP                 ,MRP-01100818.jpg              ,0
MRP-00000006        ,H,ESPACIADOR DE DADO DE PALIER                                ,RE2T. RE4T     ,MRP                 ,MRP-00000006.jpg              ,0
BAJ-22131014        ,M,ESPACIADOR DE PIÑON PLANETARIO                              ,RE2T           ,BAJAJ               ,BAJ-22131014.jpg              ,0
MRP-22131014        ,H,ESPACIADOR DE PIÑON PLANETARIO                              ,RE4T           ,MRP                 ,MRP-22131014.jpg              ,0
MRP-22171018        ,H,ESPACIADOR EJE DELANTERO                                    ,RE2T. RE4T     ,MRP                 ,MRP-22171018.jpg              ,0
ATM-22171018        ,M,ESPACIADOR EJE DELANTERO                                    ,RE2T. RE4T     ,ATMAK               ,ATM-22171018.jpg              ,0
MRP-AA101058        ,H,ESPACIADOR EMBRAGUE 4T (PIÑON DOBLE)                        ,RE175          ,MRP                 ,MRP-AA101058.jpg              ,0
MRP-AA101058        ,H,ESPACIADOR EMBRAGUE 4T (PIÑON DOBLE)                        ,RE175          ,MRP                 ,                              ,0
MRP-03100718        ,H,ESPARRAGO EJE DELANTERO                                     ,RE2T. RE4T     ,MRP                 ,MRP-03100718.jpg              ,0
ATM-03100718        ,M,ESPARRAGO EJE DELANTERO                                     ,RE2T. RE4T     ,ATMAK               ,ATM-03100718.jpg              ,0
MRP-22170434        ,H,ESPARRAGO EJE POSTERIOR                                     ,RE2T. RE4T     ,MRP                 ,MRP-22170434.jpg              ,0
ATM-22170434        ,M,ESPARRAGO EJE POSTERIOR                                     ,RE2T. RE4T     ,ATMAK               ,ATM-22170434.jpg              ,0
BAJ-22180219        ,M,ESTABILIZADOR DE CAÑA BAJAJ ANTIGUA                         ,RE2T. RE4T     ,BAJAJ               ,BAJ-22180219.jpg              ,0
BAJ-22181058        ,M,ESTABILIZADOR DE CAÑA BAJAJ MODERNA                         ,RE2T. RE4T     ,BAJAJ               ,BAJ-22181058.jpg              ,0
ATM-22181058        ,M,ESTABILIZADOR DE CAÑA MODERNA                               ,RE4T           ,ATMAK               ,ATM-22181058.jpg              ,0
VAR-AZ351002        ,M,ESTATOR 205                                                 ,RE205          ,VARROC              ,VAR-AZ351002.jpg              ,0
VAR-24231605        ,M,ESTATOR 2T (BOBINA PIQUE GRIS)                              ,RE2T           ,VARROC              ,VAR-24231605.jpg              ,0
VAR-24111205        ,M,ESTATOR 2T FL                                               ,RE2T FL        ,VARROC              ,VAR-24111205.jpg              ,0
VAR-AN111013        ,M,ESTATOR FL                                                  ,REFL           ,VARROC              ,VAR-AN111013.jpg              ,0
ATM-AN111013        ,M,ESTATOR FL                                                  ,RE FL          ,ATMAK               ,ATM-AN111013.jpg              ,0
VAR-G4320270        ,M,ESTATOR TVS                                                 ,TVS KING       ,VARROC              ,VAR-G4320270.jpg              ,0
ATM-G4320380        ,H,ESTATOR TVS KING                                            ,TVS KING       ,ATMAK               ,ATM-G4320380.jpg              ,0
ATM-00000020        ,M,EXTRACTOR DE VALVULA                                        ,RE2T. RE4T     ,ATMAK               ,ATM-00000020.jpg              ,0
LUM-AB201073        ,H,FARO DELANTERO C/ SOQUET Y FOCO                             ,RE2T. RE175    ,LUMAX               ,LUM-AB201073.jpg              ,0
LUM-AL201066        ,H,FARO DELANTERO DERECHO RE205 - FL                           ,RE205. FL      ,LUMAX               ,LUM-AL201066.jpg              ,0
LUM-AL201065        ,H,FARO DELANTERO IZQUIERDO RE205 - FL                         ,RE205. FL      ,LUMAX               ,LUM-AL201065.jpg              ,0
VAR-AA201091/F      ,M,FARO DIRECCIONAL DER. 175                                   ,RE2T. RE4T     ,VARROC              ,VAR-AA201091_F.jpg            ,0
VAR-24201488        ,M,FARO DIRECCIONAL DER. FL                                    ,REFL           ,VARROC              ,VAR-24201488.jpg              ,0
VAR-24201487        ,M,FARO DIRECCIONAL IZQ. FL                                    ,REFL           ,VARROC              ,VAR-24201487.jpg              ,0
VAR-AA201160        ,M,FARO POSTERIOR DERECHO 175                                  ,RE175          ,VARROC              ,VAR-AA201160.jpg              ,0
VAR-24201473        ,M,FARO POSTERIOR DERECHO FL                                   ,RE2T. RE4T (FL),VARROC              ,VAR-24201473.jpg              ,0
VAR-AA201157        ,M,FARO POSTERIOR IZQUIERDO 175                                ,RE175          ,VARROC              ,VAR-AA201157.jpg              ,0
VAR-24201472        ,M,FARO POSTERIOR IZQUIERDO FL                                 ,REFL           ,VARROC              ,VAR-24201472.jpg              ,0
ATM-24101203        ,M,FIJADOR DE SECTOR (PERRO)                                   ,RE2T. RE4T     ,ATMAK               ,ATM-24101203.jpg              ,0
ATM-AA121006        ,M,FILTRO ACEITE 175/205                                       ,RE175. RE205   ,ATMAK               ,ATM-AA121006.jpg              ,0
ATM-AN101190        ,M,FILTRO ACEITE FL                                            ,REFL           ,ATMAK               ,ATM-AN101190.jpg              ,0
ATM-G4080260        ,M,FILTRO ACEITE TVS                                           ,TVS KING       ,ATMAK               ,ATM-G4080260.jpg              ,0
VAR-G4080260        ,M,FILTRO ACEITE TVS                                           ,TVS KING       ,VARROC              ,VAR-G4080260.jpg              ,0
LUM-G4080260        ,H,FILTRO ACEITE TVS KING                                      ,RE4T           ,LUMAX               ,LUM-G4080260.jpg              ,0
VAR-AL121062        ,M,FILTRO AIRE (RECTANGULAR) 175                               ,RE4T           ,VARROC              ,VAR-AL121062.jpg              ,0
VAR-AA121150        ,M,FILTRO AIRE CILINDRICO (P/BLANCO)                           ,REFL           ,VARROC              ,VAR-AA121150.jpg              ,0
VAR-AL121071        ,M,FILTRO AIRE CILINDRICO (P/NARANJA)                          ,RE205          ,VARROC              ,VAR-AL121071.jpg              ,0
ATM-AP121048        ,M,FILTRO AIRE ESPUMA                                          ,RE4T           ,ATMAK               ,ATM-AP121048.jpg              ,0
VAR-AP121048        ,M,FILTRO AIRE ESPUMA AMARILLO MOD.                            ,RE175          ,VARROC              ,VAR-AP121048.jpg              ,0
ATM-G5210340        ,M,FILTRO AIRE ESPUMA TVS KING                                 ,TVS KING       ,ATMAK               ,ATM-G5210340.jpg              ,0
VAR-G5210340        ,M,FILTRO AIRE TVS                                             ,TVS KING       ,VARROC              ,VAR-G5210340.jpg              ,0
LUM-AA121053        ,H,FILTRO DE AIRE COMPLETO 4T                                  ,RE175          ,LUMAX               ,LUM-AA121053.jpg              ,0
MRP-31201104C       ,H,FLASHER DIRECCIONAL                                         ,RE2T. RE4T     ,MRP                 ,MRP-31201104C.jpg             ,0
MRP-31201104M       ,H,FLASHER DIRECCIONAL ORIGINAL                                ,RE2T. RE4T     ,MRP                 ,MRP-31201104M.jpg             ,0
LUM-AB201076(3P)    ,H,FLASHER ELECTRONICO 3 PIN                                   ,RE4T           ,LUMAX               ,LUM-AB201076(3P).jpg          ,0
VAR-G5160450        ,M,FLASHER TVS KING                                            ,TVS KING       ,VARROC              ,VAR-G5160450.jpg              ,0
MRP-19121040        ,H,FLOTADOR CARBURADOR (SPACO)                                 ,RE2T           ,MRP                 ,MRP-19121040.jpg              ,0
LUM-AA201227        ,H,FOCO DOBLE CONTACTO                                         ,RE2T. RE4T     ,LUMAX               ,LUM-AA201227.jpg              ,0
LUM-25201009        ,H,FOCO LUZ PRINCIPAL 35/35W                                   ,RE2T. RE175    ,LUMAX               ,LUM-25201009.jpg              ,0
LUM-CL201023        ,H,FOCO LUZ PRINCIPAL 35/35W (H4) 205 - FL                     ,RE205. FL      ,LUMAX               ,LUM-CL201023.jpg              ,0
MRP-06201082        ,H,FOCO TABLERO T8.5                                           ,RE2T. RE4T     ,MRP                 ,MRP-06201082.jpg              ,0
LUM-06201083        ,H,FOCO UN CONTACTO DIRECCIONAL 10W                            ,RE2T. RE4T     ,LUMAX               ,LUM-06201083.jpg              ,0
MRP-24171075        ,H,GRASERA M10 (EJE POST. ANTIGUO)                             ,RE2T. RE4T     ,MRP                 ,MRP-24171075.jpg              ,0
MRP-00000008        ,H,GUARDAPOLVO CENTRAL DE CAÑA DE TIMON (CHICO)                ,RE2T. RE4T     ,MRP                 ,MRP-00000008.jpg              ,0
MRP-00000009        ,H,GUARDAPOLVO CENTRAL DE CAÑA DE TIMON (GRANDE)               ,RE2T. RE4T     ,MRP                 ,MRP-00000009.jpg              ,0
BAJ-AA101015        ,M,GUIA DE CADENA                                              ,TORITO 4T 205  ,BAJAJ               ,BAJ-AA101015.jpg              ,0
BAJ-AN101166        ,M,GUIA DE CADENA                                              ,TORITO 4T FL   ,BAJAJ               ,BAJ-AN101166.jpg              ,0
BAJ-AA101134        ,M,GUIA TEMPLADOR CADENA                                       ,RE4T           ,BAJAJ               ,BAJ-AA101134.jpg              ,0
NAC-00000004        ,H,HUACHA OLEADA EMBRAGUE                                      ,RE2T           ,NACIONAL            ,NAC-00000004.jpg              ,0
MRP-AB171013        ,H,JEBE DE AMORTIGUADOR DELANTERO  ANTIDIVE                    ,RE2T. RE4T     ,MRP                 ,MRP-AB171013.jpg              ,0
MRP-24171049        ,H,JEBE DE AMORTIGUADOR POSTERIOR ANTIDIVE                     ,RE2T. RE4T     ,MRP                 ,MRP-24171049.jpg              ,0
ATM-BA191029        ,M,JEBE DE PEDAL                                               ,RE2T. RE4T     ,ATMAK               ,ATM-BA191029.jpg              ,0
ARC-BA191029        ,H,JEBE DE PEDAL                                               ,RE2T. RE4T     ,AERO RUBBER         ,ARC-BA191029.jpg              ,0
ARC-00000001        ,M,JEBE DE PIN PIVOT                                           ,RE2T. RE4T     ,AERO RUBBER         ,ARC-00000001.jpg              ,0
ARC-00000002        ,M,JEBE PISTON BOMBIN DEL.                                     ,RE2T. RE4T     ,AERO RUBBER         ,ARC-00000002.jpg              ,0
MRP-24160924        ,H,JEBE SOPORTE DE MOTOR CENTRAL                               ,RE2T. RE4T     ,MRP                 ,MRP-24160924.jpg              ,0
ATM-AA101449        ,H,JGO. ANILLO 0.25 4T                                         ,RE175          ,ATMAK               ,ATM-AA101449.jpg              ,0
ATM-AA101455        ,H,JGO. ANILLO 0.50 4T                                         ,RE175          ,ATMAK               ,ATM-AA101455.jpg              ,0
ATM-22101242/025    ,H,JGO. ANILLO 2T 0.25 (1.5MM)                                 ,RE2T           ,ATMAK               ,ATM-22101242_025.jpg          ,0
ATM-22101211/025    ,H,JGO. ANILLO 2T 0.25 (2.5MM)                                 ,RE2T           ,ATMAK               ,ATM-22101211_025.jpg          ,0
ATM-22101242/050    ,H,JGO. ANILLO 2T 0.50 (1.5MM)                                 ,RE2T           ,ATMAK               ,ATM-22101242_050.jpg          ,0
ATM-22101211/050    ,H,JGO. ANILLO 2T 0.50 (2.5MM)                                 ,RE2T           ,ATMAK               ,ATM-22101211_050.jpg          ,0
ATM-22231140/41     ,M,KIT ACRILICO LATERAL DER/IZQ.                               ,RE2T. RE4T     ,ATMAK               ,ATM-22231140_41.jpg           ,0
VAR-00000001        ,M,KIT CARBONES                                                ,RE2T. RE4T     ,VARROC              ,VAR-00000001.jpg              ,0
LUC-G5320860        ,M,KIT CARBONES C/BASE TVS KING                                ,TVS KING       ,LUCAS               ,LUC-G5320860.jpg              ,0
VAR-G5320860        ,M,KIT CARBONES TVS                                            ,TVS KING       ,VARROC              ,VAR-G5320860.jpg              ,0
MRP-00000010        ,H,KIT CARBURADOR                                              ,RE4T           ,MRP                 ,MRP-00000010.JPG              ,0
VAR-00000002        ,M,KIT DADO + PIN                                              ,RE2T. RE4T     ,VARROC              ,VAR-00000002.jpg              ,0
VAR-24171068        ,M,KIT DADO DE PALIER  (X2)                                    ,RE2T. RE4T     ,VARROC              ,VAR-24171068.jpg              ,0
ATM-24171068        ,M,KIT DADO DE PALIER (X2) C/LAINA                             ,RE2T. RE4T     ,ATMAK               ,ATM-24171068.jpg              ,0
ATM-00000011        ,M,KIT DADOS + PIN C/LAINA                                     ,RE2T. RE4T     ,ATMAK               ,ATM-00000011.jpg              ,0
BAJ-36AN0016        ,M,KIT DE ANILLOS DE PISTON                                    ,TORITO 4T R FAC,BAJAJ               ,BAJ-36AN0016.jpg              ,0
VAR-00000003        ,M,KIT DE BENDIX                                               ,RE2T. RE4T     ,VARROC              ,VAR-00000003.jpg              ,0
LUC-00000001        ,M,KIT DE BENDIX TVS KING                                      ,TVS KING       ,LUCAS               ,LUC-00000001.jpg              ,0
ARC-AB151093        ,M,KIT DE JEBES/BOMBIN DELANTERO 5L/4T                         ,RE2T. RE4T     ,AERO RUBBER         ,ARC-AB151093.jpg              ,0
END-AB151093        ,M,KIT DE JEBES/BOMBIN DELANTERO 5L/4T                         ,RE2T. RE4T     ,ENDURANCE           ,END-AB151093.jpg              ,0
ARC-AB151095        ,M,KIT DE JEBES/BOMBIN POSTERIOR 5L/4T                         ,RE2T. RE4T     ,AERO RUBBER         ,ARC-AB151095.jpg              ,0
END-AB151095        ,M,KIT DE JEBES/BOMBIN POSTERIOR 5L/4T                         ,RE2T. RE4T     ,ENDURANCE           ,END-AB151095.jpg              ,0
END-00000010        ,M,KIT DE PISTA DE CAÑA 205                                    ,RE205          ,ENDURANCE           ,END-00000010.jpg              ,0
MRP-00000011        ,H,KIT DE RESORTE DE CARACAZA EMBRAGUE + SOMBRERO SET/10       ,RE2T           ,MRP                 ,MRP-00000011.jpg              ,0
BAJ-36AA4033        ,M,KIT DE VALVULAS                                             ,TORITO 4T R FAC,BAJAJ               ,BAJ-36AA4033.jpg              ,0
ATM-00000010        ,M,KIT EMPAQUE MOTOR 205                                       ,RE205          ,ATMAK               ,ATM-00000010.jpg              ,0
ATM-AA221006        ,M,KIT ESPEJO (DER./IZQ.)                                      ,RE2T. RE4T     ,ATMAK               ,ATM-AA221006.jpg              ,0
NAC-00000006        ,H,KIT JEBE DE CHASIS 205                                      ,RE205          ,NACIONAL            ,NAC-00000006.jpg              ,0
ATM-AA191032        ,M,KIT MANIJA EMBRAGUE                                         ,RE2T. RE4T     ,ATMAK               ,ATM-AA191032.jpg              ,0
END-24151097        ,M,KIT MAYOR DE BOMBA MASTER BAJAJ                             ,RE2T. RE4T     ,ENDURANCE           ,END-24151097.jpg              ,0
ARC-00000004        ,M,KIT MENOR BOMBA MASTER ARC                                  ,RE2T. RE4T     ,AERO RUBBER         ,ARC-00000004.jpg              ,0
END-00000009        ,M,KIT MENOR BOMBA MASTER TVS                                  ,TVS KING       ,ENDURANCE           ,END-00000009.jpg              ,0
MRP-00000012        ,H,KIT PERNO DE MOTOR SET/38.                                  ,RE4T           ,MRP                 ,MRP-00000012.jpg              ,0
END-00000003        ,M,KIT PISTA DE CAÑA DE TIMON PULSAR 220                       ,PULSAR 220     ,ENDURANCE           ,                              ,0
END-00000006        ,M,KIT PISTA DE CAÑA FL                                        ,REFL           ,ENDURANCE           ,END-00000006.jpg              ,0
ATM-AA101460/025    ,H,KIT PISTON C/ANILLOS 175 (0.25)                             ,RE175          ,ATMAK               ,ATM-AA101460_025.jpg          ,0
ATM-AA101460/050    ,H,KIT PISTON C/ANILLOS 175 (0.50)                             ,RE175          ,ATMAK               ,ATM-AA101460_050.jpg          ,0
ATM-24101925/025    ,H,KIT PISTON C/ANILLOS 2T 0.25 (ANILLO 1.5MM)                 ,RE2T           ,ATMAK               ,ATM-24101925_025.jpg          ,0
ATM-CD101024/025    ,H,KIT PISTON C/ANILLOS 2T 0.25 (ANILLO 2.5MM)                 ,RE2T           ,ATMAK               ,ATM-CD101024_025.jpg          ,0
ATM-24101925/050    ,H,KIT PISTON C/ANILLOS 2T 0.50 (ANILLO 1.5MM)                 ,RE2T           ,ATMAK               ,ATM-24101925_050.jpg          ,0
ATM-CD101013/1.5    ,H,KIT PISTON C/ANILLOS 2T STD (ANILLO 1.5MM)                  ,RE2T           ,ATMAK               ,ATM-CD101013_1.5.jpg          ,0
ATM-30201069        ,M,KIT REFLECTOR PARACHOQUE C/PERNO                            ,RE2T. RE4T     ,ATMAK               ,ATM-30201069.jpg              ,0
END-36031001        ,M,KIT REMACHES DE CARCAZA DE EMBRAGUE 4T                      ,RE4T           ,ENDURANCE           ,END-36031001.jpg              ,0
VAR-AA000018        ,M,KIT REPARACION ARRANCADOR 4T                                ,RE4T           ,VARROC              ,VAR-AA000018.jpg              ,0
END-24151182        ,M,KIT RESORTE ZAPATA MODERNA DERECHA                          ,RE2T. RE4T     ,ENDURANCE           ,END-24151182.jpg              ,0
END-24151173        ,M,KIT RESORTE ZAPATA MODERNA IZQUIERDA                        ,RE2T. RE4T     ,ENDURANCE           ,END-24151173.jpg              ,0
END-24151172        ,M,KIT SEGURO ZAPATA                                           ,RE2T. RE4T     ,ENDURANCE           ,END-24151172.jpg              ,0
MRP-00000013        ,H,KIT SELECTOR CAMBIO                                         ,RE2T           ,MRP                 ,MRP-00000013.jpg              ,0
VAR-13101022/23     ,M,KIT VALVULA 175 C/ RETEN VARROC                             ,RE175          ,VARROC              ,VAR-13101022_23.jpg           ,0
ATM-24151136        ,M,KIT ZAPATA FRENO MODERNA C/RESORTES                         ,RE2T.RE4T      ,ATMAK               ,ATM-24151136.jpg              ,0
BAJ-JA551422        ,M,LAINA CONCAVA EMBRAGUE FL                                   ,RE4T FL        ,BAJAJ               ,BAJ-JA551422.jpg              ,0
ATM-24171138        ,M,LAINA PIN PIVOT                                             ,RE4T           ,ATMAK               ,ATM-24171138.jpg              ,0
BAJ-JA551421        ,M,LAINA PLANA EMBRAGUE FL                                     ,REFL           ,BAJAJ               ,BAJ-JA551421.jpg              ,0
MRP-AA101329        ,H,LEVA DE ARRANQUE (HUESO)                                    ,RE2T           ,MRP                 ,MRP-AA101329.jpg              ,0
MRP-AA101261        ,H,LEVA DE CAMBIO 4T                                           ,RE4T           ,MRP                 ,MRP-AA101261.jpg              ,0
BAJ-DH101180        ,M,LEVA DE EMBRAGUE                                            ,TORITO 4T R FAC,BAJAJ               ,BAJ-DH101180.jpg              ,0
END-24151177        ,M,LEVA DE FRENO MANO IZQUIERDA                                ,RE2T. RE4T     ,ENDURANCE           ,END-24151177.jpg              ,0
BAJ-JS172036        ,M,LEVA DEL REGULAGOR GAS                                      ,RE205. FL      ,BAJAJ               ,BAJ-JS172036.png              ,0
END-24151183        ,M,LEVA FRENO DE MANO DERECHO                                  ,RE2T. RE4T     ,ENDURANCE           ,END-24151183.jpg              ,0
MRF-00000001        ,M,LLANTA + CAMARA 6 LONAS MRF                                 ,RE2T. RE4T     ,MRF                 ,MRF-00000001.jpg              ,0
RAL-211503007 TRI   ,M,LLANTA 400 X 8 RALCO TRI STAR S/ CAMARA                     ,RE2T. RE4T     ,RALCO               ,RAL-211503007 TRI.jpg         ,0
BAJ-AA101138        ,M,LUBRICADOR                                                  ,TORITO 4T      ,BAJAJ               ,BAJ-AA101138.jpg              ,0
LUM-00000002        ,H,LUNA FARO DELANTERO DERECHA                                 ,RE205.FL       ,LUMAX               ,LUM-00000002.jpg              ,0
LUM-00000003        ,H,LUNA FARO DELANTERO IZQUIERDA                               ,RE205.FL       ,LUMAX               ,LUM-00000003.jpg              ,0
BAJ-AN101181        ,M,MANGA DE BUJIA                                              ,TORITO 4T R FAC,BAJAJ               ,BAJ-AN101181.jpg              ,0
MRP-BA191046        ,H,MANUBRIO ACELERADOR ANTIGUO                                 ,RE2T. RE4T     ,MRP                 ,MRP-BA191046.jpg              ,0
ATM-52AL0278R       ,M,MARCO DE PARABRISAS RE 205 ROJO                             ,RE205          ,ATMAK               ,                              ,0
ATM-52AL0278A       ,M,MARCO DE PARABRISAS RE205 AZUL                              ,RE205          ,ATMAK               ,                              ,0
ATM-52AL0278N       ,M,MARCO DE PARABRISAS RE205 NEGRO                             ,RE205          ,ATMAK               ,                              ,0
ATM-AB161182        ,M,MEDIALUNA                                                   ,RE2T. RE4T     ,ATMAK               ,ATM-AB161182.jpg              ,0
BAJ-AB161182        ,M,MEDIALUNA GUARDAFANGO BAJAJ                                 ,RE2T. RE4T     ,BAJAJ               ,BAJ-AB161182.jpg              ,0
BAJ-AU402601        ,M,MEDIDOR GAS                                                 ,RE205. FL      ,BAJAJ               ,BAJ-AU402601.png              ,0
VAR-00000004        ,M,MICA DERECCIONAL FL  (IZQ/DER)                              ,REFL           ,VARROC              ,VAR-00000004.jpg              ,0
VAR-AA201093        ,M,MICA DIRECCIONAL DEL. DERECHO                               ,RE2T. RE175    ,VARROC              ,                              ,0
VAR-AA201091        ,M,MICA DIRECCIONAL DEL. IZQUIERDO                             ,RE2T. RE175    ,VARROC              ,VAR-AA201091.jpg              ,0
VAR-24201499        ,M,MICA FARO POSTERIOR DERECHA                                 ,RE FL          ,VARROC              ,VAR-24201499.jpg              ,0
VAR-24201477        ,M,MICA FARO POSTERIOR IZQUIERDA                               ,RE FL          ,VARROC              ,VAR-24201477.jpg              ,0
VAR-22231140        ,M,MICA LATERAL DER 12V                                        ,RE2T . RE4T    ,VARROC              ,VAR-22231140.jpg              ,0
VAR-22231141        ,M,MICA LATERAL IZQ 12V                                        ,RE2T . RE4T    ,VARROC              ,VAR-22231141.jpg              ,0
VAR-G5160360        ,M,MICA POSTERIOR DER/IZQ. TVS                                 ,TVS KING       ,VARROC              ,VAR-G5160360.jpg              ,0
VAR-AA201152        ,M,MOTOR LIMPIAPARABRISAS 175/205                              ,RE175. RE205   ,VARROC              ,VAR-AA201152.jpg              ,0
BAJ-24201526        ,M,MOTOR LIMPIAPARABRISAS FL                                   ,RE FL          ,BAJAJ               ,BAJ-24201526.jpg              ,0
BAJ-AN101140        ,M,MUELLE DE VALVULA                                           ,TORITO 4T R FAC,BAJAJ               ,BAJ-AN101140.jpg              ,0
BAJ-39128321        ,M,O RING EMPAQUE CARBURADOR                                   ,TORITO 4T 205  ,BAJAJ               ,BAJ-39128321.jpg              ,0
BAJ-39126421        ,M,O'RING TAPA EJE DE LEVA 205                                 ,TORITO 4T 205  ,BAJAJ               ,BAJ-39126421.jpg              ,0
BAJ-AA111077        ,M,OJAL DE CAPUCHON DE BUJIA                                   ,TORITO 4T 205  ,BAJAJ               ,BAJ-AA111077.jpg              ,0
ATM-00000025        ,M,OJO DE CAÑA DE TIMON FL                                     ,REFL           ,ATMAK               ,ATM-00000025.jpg              ,0
ATM-00000024        ,M,OJO DE CAÑA DE TIMON TVS                                    ,TVS KING       ,ATMAK               ,ATM-00000024.jpg              ,0
BAJ-24121283        ,M,O´RING DE TANQUE GAS                                        ,RE205. FL GLP  ,BAJAJ               ,BAJ-24121283.png              ,0
ATM-22191012        ,M,PALANCA CONTROL DE CABLE                                    ,RE2T. RE4T     ,ATMAK               ,ATM-22191012.jpg              ,0
ATM-24171006        ,H,PALIER 2T 5L C/PIN                                          ,RE2T           ,ATMAK               ,ATM-24171006.jpg              ,0
VAR-24101829        ,M,PALIER 2T FL C/PIN                                          ,RE2T FL        ,VARROC              ,VAR-24101829.jpg              ,0
VAR-24171006        ,M,PALIER C/PIN 5L                                             ,RE2T           ,VARROC              ,VAR-24171006.jpg              ,0
VAR-BA132111        ,M,PALIER DERECHO C/PIN                                        ,RE4T           ,VARROC              ,VAR-BA132111.jpg              ,0
VAR-BA132112        ,M,PALIER IZQUIERDO C/PIN                                      ,RE4T           ,VARROC              ,VAR-BA132112.jpg              ,0
ATM-G2080010        ,H,PALIER TVS KING S/PIN                                       ,TVS KING       ,ATMAK               ,ATM-G2080010.jpg              ,0
ATM-24151256        ,M,PEDAL DE FRENO C/JEBE 205-FL                                ,RE205. FL      ,ATMAK               ,ATM-24151256.png              ,0
ATM-24231713        ,M,PERILLA DE PUERTA TRASERA                                   ,RE2T. RE4T     ,ATMAK               ,ATM-24231713.jpg              ,0
MRP-00000014        ,H,PERNO DE ARO C/TUERCA                                       ,RE2T.RE4T      ,MRP                 ,MRP-00000014.jpg              ,0
ATM-01140116        ,M,PERNO DE PERILLA PUERTA POST.                               ,RE2T. RE4T     ,ATMAK               ,ATM-01140116.jpg              ,0
MRP-28101022        ,H,PERNO DE TAPA DE ACEITE                                     ,RE4T           ,MRP                 ,MRP-28101022.jpg              ,0
ATM-39183012        ,M,PERNO DE TIMON C/TUERCA                                     ,RE2T.RE4T      ,ATMAK               ,ATM-39183012.jpg              ,0
ATM-39008004        ,M,PERNO DE TUBO ESCAPE C/TUERCA                               ,RE2T.RE4T      ,ATMAK               ,ATM-39008004.jpg              ,0
ATM-24191105        ,M,PERNO MANUBRIO MODERNO C/TUERCA                             ,RE4T           ,ATMAK               ,ATM-24191105.jpg              ,0
ATM-00000015        ,M,PERNO RANCOR C/HUACHA (MANGUERA DE FRENO)                   ,RE2T. RE4T     ,ATMAK               ,ATM-00000015.jpg              ,0
ATM-AA171011        ,M,PERNO TRAPECIO C/TUERCA                                     ,RE2T. RE4T     ,ATMAK               ,ATM-AA171011.jpg              ,0
ATM-G2080030        ,M,PIN DE PALIER TVS                                           ,TVS KING       ,ATMAK               ,ATM-G2080030.jpg              ,0
MRP-24131032        ,H,PIN DE SELECTOR                                             ,RE2T.RE4T      ,MRP                 ,MRP-24131032.jpg              ,0
BAJ-24101422        ,M,PIN PASADOR CHICO                                           ,TORITO 4T 205  ,BAJAJ               ,BAJ-24101422.jpg              ,0
ATM-24101421        ,M,PIN PASADOR CHICO C/SEGURO                                  ,RE2T. RE4T     ,ATMAK               ,ATM-24101421.jpg              ,0
BAJ-39100006        ,M,PIN PASADOR VARILLA                                         ,TORITO 2T UG   ,BAJAJ               ,BAJ-39100006.jpg              ,0
ATM-24171129/2007/1 ,M,PIN PIVOT NRO. 1 2007 63.5MM                                ,RE2T. RE4T     ,ATMAK               ,ATM-24171129_2007_1.jpg       ,0
ATM-24171129/2007/2 ,M,PIN PIVOT NRO. 2 2007 63.5MM                                ,RE2T. RE4T     ,ATMAK               ,ATM-24171129_2007_2.jpg       ,0
ATM-24171129/2007/3 ,M,PIN PIVOT NRO. 3 2007 63.5MM                                ,RE2T. RE4T     ,ATMAK               ,ATM-24171129_2007_3.jpg       ,0
ATM-24171129/1      ,M,PIN PIVOT NRO.1 2010 68.5MM                                 ,RE2T. RE4T     ,ATMAK               ,ATM-24171129_1.jpg            ,0
ATM-24171129/2      ,M,PIN PIVOT NRO.2 2010 68.5MM                                 ,RE2T. RE4T     ,ATMAK               ,ATM-24171129_2.jpg            ,0
ATM-24171129/3      ,M,PIN PIVOT NRO.3 2010 68.5MM                                 ,RE2T. RE4T     ,ATMAK               ,ATM-24171129_3.jpg            ,0
ATM-24171129/4      ,M,PIN PIVOT NRO.4 2010 68.5MM                                 ,RE2T. RE4T     ,ATMAK               ,ATM-24171129_4.jpg            ,0
BAJ-39192707        ,M,PIN POLINES                                                 ,TORITO 4T 205  ,BAJAJ               ,BAJ-39192707.jpg              ,0
BAJ-39042606        ,M,PIN RECTOR TIPO RESORTE                                     ,RE205          ,BAJAJ               ,BAJ-39042606.jpg              ,0
BAJ-AA101277        ,M,PIN SOPORTE DE PALANCA DE ARRANQUE                          ,TORITO 4T      ,BAJAJ               ,BAJ-AA101277.jpg              ,0
BAJ-AA101168        ,M,PIN VARILLA EMPUJE                                          ,RE4T           ,BAJAJ               ,BAJ-AA101168.jpg              ,0
BAJ-AA101053        ,M,PINON DE CUARTA VELOCIDAD                                   ,TORITO 4T      ,BAJAJ               ,BAJ-AA101053.jpg              ,0
BAJ-AA101051        ,M,PINON DE SEGUNDA VELOCIDAD                                  ,TORITO 4T 205  ,BAJAJ               ,BAJ-AA101051.jpg              ,0
BAJ-AA101588        ,M,PINON MULTIPLE                                              ,TORITO 4T 205  ,BAJAJ               ,BAJ-AA101588.jpg              ,0
BAJ-24131069        ,M,PINON PLANETARIO                                            ,TORITO 4T 205  ,BAJAJ               ,BAJ-24131069.jpg              ,0
BAJ-22131018        ,M,PINON SATELITE                                              ,TORITO 2T      ,BAJAJ               ,BAJ-22131018.jpg              ,0
ATM-06101007        ,H,PIÑON ARRANQUE 2T                                           ,RE2T           ,ATMAK               ,ATM-06101007.jpg              ,0
GRR-06101007        ,M,PIÑON DE ARRANQUE GR                                        ,RE2T           ,GR                  ,GRR-06101007.jpg              ,0
ATM-36AA4029        ,M,PIÑON DE BENDIX                                             ,RE2T. RE4T     ,ATMAK               ,ATM-36AA4029.jpg              ,0
VAR-36AA4029        ,M,PIÑON DE BENDIX                                             ,RE2T. RE4T     ,VARROC              ,VAR-36AA4029.jpg              ,0
VAR-EE000080        ,M,PIÑON DE BENDIX 2T FL                                       ,RE2T FL        ,VARROC              ,VAR-EE000080.jpg              ,0
LUC-G4320630        ,M,PIÑON DE BENDIX TVS KING                                    ,TVS KING       ,LUCAS               ,LUC-G4320630.jpg              ,0
VAR-AA121059        ,M,PIÑON DE BOMBA  ACIETE (39 DIENTES)                         ,RE4T FL        ,VARROC              ,VAR-AA121059.jpg              ,0
BAJ-AA101782        ,M,PIÑON DE CUARTA                                             ,TORITO 4T R FAC,BAJAJ               ,BAJ-AA101782.jpg              ,0
ATM-00000028        ,M,PIÑON DE EMBRAGUE 2T 5L                                     ,RE2T 5L        ,ATMAK               ,ATM-00000028.jpg              ,0
BAJ-28101167        ,M,PIÑON DE LEVAS                                              ,TORITO 4T 205  ,BAJAJ               ,BAJ-28101167.jpg              ,0
VAR-00000006        ,M,PIÑON DE LIMPIA PARABRISAS                                  ,RE2T. RE4T     ,VARROC              ,VAR-00000006.jpg              ,0
BAJ-AA101379        ,M,PIÑON DE PRIMERA                                            ,TORITO 4T R FAC,BAJAJ               ,BAJ-AA101379.jpg              ,0
ATM-AA101555        ,H,PIÑON DE RETRO                                              ,RE4T           ,ATMAK               ,ATM-AA101555.jpg              ,0
BAJ-AA101780        ,M,PIÑON DE SEGUNDA                                            ,TORITO 4T R FAC,BAJAJ               ,BAJ-AA101780.jpg              ,0
BAJ-AA101781        ,M,PIÑON DE TERCERA                                            ,TORITO 4T R FAC,BAJAJ               ,BAJ-AA101781.jpg              ,0
BAJ-AA101052        ,M,PIÑON DE TERCERA VELOCIDAD                                  ,TORITO 4T      ,BAJAJ               ,BAJ-AA101052.jpg              ,0
MRP-05190302        ,H,PIÑON DE VELOCIMETRO (NYLON)                                ,RE2T. RE4T     ,MRP                 ,MRP-05190302.jpg              ,0
BAJ-AA131002        ,M,PIÑON DIFERENCIAL                                           ,TORITO 4T      ,BAJAJ               ,BAJ-AA131002.jpg              ,0
ATM-G4080250        ,H,PIÑON DIFERENCIAL TVS KING                                  ,TVS KING       ,ATMAK               ,ATM-G4080250.jpg              ,0
BAJ-PD511229        ,M,PIÑON EJE LEVAS (DS101276)                                  ,REFL-DISCR-PULS,BAJAJ               ,BAJ-DS101276.jpg              ,0
MRP-24131009        ,H,PIÑON SATELITE                                              ,RE2T. RE4T     ,MRP                 ,                              ,0
SAM-24101925/025    ,M,PISTON & ANILLO 2T (1.5MM) - 0.25                           ,RE2T           ,SAM                 ,SAM-24101925_025.jpg          ,0
SAM-24101925/050    ,M,PISTON & ANILLO 2T (1.5MM) - 0.50                           ,RE2T           ,SAM                 ,SAM-24101925_050.jpg          ,0
SAM-24101925        ,M,PISTON & ANILLO 2T (1.5MM) - STD                            ,RE2T           ,SAM                 ,SAM-24101925.jpg              ,0
SAM-CD101024/025    ,M,PISTON & ANILLO 2T (2.5MM) - 0.25                           ,RE2T           ,SAM                 ,SAM-CD101024_025.jpg          ,0
SAM-CD101024/050    ,M,PISTON & ANILLO 2T (2.5MM) - 0.50                           ,RE2T           ,SAM                 ,SAM-CD101024_050.jpg          ,0
SAM-CD101024        ,M,PISTON & ANILLO 2T (2.5MM) - STD                            ,RE2T           ,SAM                 ,SAM-CD101024.jpg              ,0
SAM-AN101259/025    ,M,PISTON & ANILLO RE205 (0.25)                                ,RE205          ,SAM                 ,SAM-AN101259_025.jpg          ,0
SAM-G4320670        ,M,PISTON & ANILLO TVS KING (0.25)                             ,TVS KING       ,SAM                 ,SAM-G4320670.jpg              ,0
SAM-G4320680        ,M,PISTON & ANILLO TVS KING (0.50)                             ,TVS KING       ,SAM                 ,SAM-G4320680.jpg              ,0
SAM-G4320330        ,M,PISTON & ANILLO TVS KING (STD)                              ,TVS KING       ,SAM                 ,SAM-G4320330.jpg              ,0
MRP-22150439        ,H,PISTON DE BOMBIN                                            ,RE2T           ,MRP                 ,MRP-22150439.jpg              ,0
END-00000007        ,M,PISTON DE BOMBIN DELANTERO                                  ,RE2T. RE4T     ,ENDURANCE           ,END-00000007.jpg              ,0
NAC-00000019        ,H,PLANCHA DE PARABRISA                                        ,RE2T. RE4T     ,NACIONAL            ,NAC-00000019.jpg              ,0
BAJ-05101072        ,M,PLATO DE APOYO 2T                                           ,RE2T           ,BAJAJ               ,BAJ-05101072.jpg              ,0
END-AA101472        ,M,PLATO DE EMBRAGUE 4T - PARA AA101469                        ,RE4T           ,ENDURANCE           ,END-AA101472.jpg              ,0
ATM-AE101015        ,H,PLATO DE EMBRAGUE 5L                                        ,RE2T           ,ATMAK               ,ATM-AE101015.jpg              ,0
END-AE101015        ,M,PLATO DE EMBRAGUE 5L                                        ,RE2T           ,ENDURANCE           ,END-AE101015.jpg              ,0
MRP-21160417        ,H,PLATO DE SOPORTE CENTRAL                                    ,RE2T. RE4T     ,MRP                 ,MRP-21160417.jpg              ,0
END-24101751        ,M,PLATO EMBRAGUE 2T FL                                        ,RE2T FL        ,ENDURANCE           ,END-24101751.jpg              ,0
END-35101178        ,M,PLATO PRESOR EMBRAGUE 2T                                    ,RE2T           ,ENDURANCE           ,END-35101178.jpg              ,0
ATM-35101178        ,M,PLATO PRESOR EMBRAGUE 2T 5L                                 ,RE2T           ,ATMAK               ,ATM-35101178.jpg              ,0
VAR-24171076        ,M,PONCHO DE PALIER GRANDE                                     ,RE2T. RE4T     ,VARROC              ,VAR-24171076.jpg              ,0
ARC-AA131024        ,H,PONCHO PALIER CHICO                                         ,RE4T           ,AERO RUBBER         ,ARC-AA131024.jpg              ,0
ARC-24131074        ,H,PONCHO PALIER S/PICO                                        ,RE2T. RE4T     ,AERO RUBBER         ,ARC-24131074.jpg              ,0
ARC-G2081920        ,H,PONCHO PALIER TVS                                           ,TVS KING       ,AERO RUBBER         ,ARC-G2081920.jpg              ,0
VAR-AA111085        ,M,PORTA CARBON CARBONES DE ARRANCADOR                         ,RE4T           ,VARROC              ,VAR-AA111085.jpg              ,0
NAC-24231090        ,H,PORTA ESCARPIN DERECHO                                      ,RE2T. RE4T     ,MRP                 ,NAC-24231090.jpg              ,0
NAC-24231091        ,H,PORTA ESCARPIN IZQUIERDO                                    ,RE2T. RE4T     ,MRP                 ,NAC-24231091.jpg              ,0
END-AB151035        ,M,PORTA ZAPATA DEL. C/BOCINA ANT.                             ,RE2T. RE4T     ,ENDURANCE           ,END-AB151035.jpg              ,0
END-24151243        ,M,PORTA ZAPATA DELANTERA COMPLETA                             ,RE205. REL     ,ENDURANCE           ,END-24151243.jpg              ,0
END-AP151017        ,M,PORTA ZAPATA DELANTERO MODERNO (SOLO)                       ,RE2T. RE4T     ,ENDURANCE           ,END-AP151017.jpg              ,0
END-G4110180        ,M,PORTA ZAPATA DELANTERO TVS KING                             ,TVS KING       ,ENDURANCE           ,END-G4110180.jpg              ,0
END-BH131213        ,M,PORTA ZAPATA POSTERIOR DERECHA COMPLETA                     ,RE205. REFL    ,ENDURANCE           ,END-BH131213.jpg              ,0
END-24151178        ,M,PORTA ZAPATA POSTERIOR DERECHO                              ,RE2T. RE4T     ,ENDURANCE           ,END-24151178.jpg              ,0
END-G2111180        ,M,PORTA ZAPATA POSTERIOR DERECHO TVS KING                     ,TVS KING       ,ENDURANCE           ,END-G2111180.jpg              ,0
END-G2110210        ,M,PORTA ZAPATA POSTERIOR IZQUIERDA  TVS KING                  ,TVS KING       ,ENDURANCE           ,END-G2110210.jpg              ,0
END-BH131212        ,M,PORTA ZAPATA POSTERIOR IZQUIERDA COMPLETA                   ,RE205. REFL    ,ENDURANCE           ,END-BH131212.jpg              ,0
END-24151174        ,M,PORTA ZAPATA POSTERIOR IZQUIERDO                            ,RE2T. RE4T     ,ENDURANCE           ,END-24151174.jpg              ,0
VAR-AA111093        ,M,PUNTA DE ARRANCADOR FL                                      ,RE FL          ,VARROC              ,VAR-AA111093.jpg              ,0
BAJ-AN121205        ,M,RADIADOR ACEITE FL                                          ,REFL           ,BAJAJ               ,BAJ-AN121205.jpg              ,0
BAJ-AA121135        ,M,RADIADOR DE ACEITE 205                                      ,RE205          ,BAJAJ               ,BAJ-AA121135.jpg              ,0
SPM-G416030         ,M,RAMAL TVS KING DELANTERO                                    ,TVS KING       ,SPARK MINDA         ,SPM-G416030.jpg               ,0
SPM-G4160140        ,M,RAMAL TVS KING POSTERIOR                                    ,TVS KING       ,SPARK MINDA         ,SPM-G4160140.jpg              ,0
BAJ-DF101055        ,M,REGULADOR DE BALANCIN                                       ,RE4T FL        ,BAJAJ               ,BAJ-DF101055.jpg              ,0
ATM-00000021        ,M,REGULADOR DE BALANCIN (HERRAMIENTA)                         ,RE2T. RE4T     ,ATMAK               ,ATM-00000021.jpg              ,0
ATM-05101083        ,M,REGULADOR DE CABLES                                         ,RE2T. RE4T     ,ATMAK               ,ATM-05101083.jpg              ,0
LUM-AF201036        ,H,REGULADOR DE VOLTAGE                                        ,RE4T           ,LUMAX               ,LUM-AF201036.jpg              ,0
MRP-00000015        ,H,REGULADOR DE ZAPATA  (ANT)                                  ,RE2T. RE4T     ,MRP                 ,MRP-00000015.jpg              ,0
SPM-24201434        ,M,REGULADOR VOLTAGE 2T                                        ,RE 2T          ,SPARK MINDA         ,SPM-24201434.jpg              ,0
VAR-AF201036        ,M,REGULADOR VOLTAGE 4T                                        ,RE4T           ,VARROC              ,VAR-AF201036.jpg              ,0
VAR-G5060290        ,M,REGULADOR VOLTAGE TVS KING                                  ,TVS KING       ,VARROC              ,VAR-G5060290.jpg              ,0
VAR-24201277        ,M,REGULADOR Y CONDENSADOR H.P.                                ,RE2T           ,VARROC              ,VAR-24201277.jpg              ,0
ATM-G5160930        ,M,RELAY ARRANCADOR  TVS                                       ,TVS KING       ,ATMAK               ,ATM-G5160930.jpg              ,0
VAR-AA201012        ,M,RELAY ARRANCADOR 175/205                                    ,RE175. 205     ,VARROC              ,VAR-AA201012.jpg              ,0
VAR-JN351604        ,M,RELAY ARRANQUE FL C/JEBE                                    ,RE FL          ,VARROC              ,VAR-JN351604.jpg              ,0
MRP-AL201012        ,H,RELAY BLOQUEO ENCENDIDO                                     ,RE175          ,MRP                 ,MRP-AL201012.jpg              ,0
ATM-00000005        ,H,RESONADOR DE SILENCIADOR                                    ,R2T            ,ATMAK               ,ATM-00000005.jpg              ,0
VAR-00000005        ,M,RESORTE DE BENDIX                                           ,RE2T. RE4T     ,VARROC              ,VAR-00000005.jpg              ,0
NAC-19121034        ,H,RESORTE DE CARBURADOR  5L                                   ,RE2T           ,NACIONAL            ,NAC-19121034.jpg              ,0
BAJ-AA101139        ,M,RESORTE DE CIGÜEÑAL                                         ,TORITO 4T 205  ,BAJAJ               ,BAJ-AA101139.jpg              ,0
BAJ-AN101376        ,M,RESORTE DE LEVA DE EMBRAGUE                                 ,TORITO 4T R FAC,BAJAJ               ,BAJ-AN101376.jpg              ,0
NAC-24151152        ,H,RESORTE DE PUNTAL DERECHO                                   ,RE205. FL      ,NACIONAL            ,NAC-24151152.jpg              ,0
NAC-24151132        ,H,RESORTE DE PUNTAL IZQUIERDO                                 ,RE205. FL      ,NACIONAL            ,NAC-24151132.jpg              ,0
NAC-00000010        ,H,RESORTE DE RETRO DELANTERO 2T                               ,RE2T           ,NACIONAL            ,NAC-00000010.JPG              ,0
BAJ-AA101875        ,M,RESORTE DE VALVULA                                          ,TORITO CROM X 2,BAJAJ               ,BAJ-AA101875.jpg              ,0
BAJ-DD101440        ,M,RESORTE DE VALVULA DE MOTOR                                 ,TORITO 4T      ,BAJAJ               ,BAJ-DD101440.jpg              ,0
NAC-24151133        ,H,RESORTE DOBLE CUERPO                                        ,RE 205. FL     ,NACIONAL            ,NAC-24151133.jpg              ,0
BAJ-AA101364        ,M,RESORTE EMBRGAUE 4T                                         ,RE4T           ,BAJAJ               ,BAJ-AA101364.jpg              ,0
NAC-00000014        ,H,RESORTE PEDAL DE FRENO TVS                                  ,TVS KING       ,NACIONAL            ,NAC-00000014.jpg              ,0
NAC-AB151014        ,H,RESORTE PEDAL FRENO 175/205                                 ,RE4T           ,NACIONAL            ,NAC-AB151014.jpg              ,0
NAC-00000013        ,H,RESORTE PEDAL FRENO FL                                      ,REFL           ,NACIONAL            ,NAC-00000013.jpg              ,0
BAJ-21101427        ,M,RESORTE PIN PALANCA                                         ,TORITO 2T      ,BAJAJ               ,BAJ-21101427.jpg              ,0
NAC-22150242        ,H,RESORTE REGULADOR DE ZAPATA                                 ,RE2T. RE4T     ,NACIONAL            ,NAC-22150242.jpg              ,0
NAC-00000015        ,H,RESORTE REGULADOR ZAPATA TVS                                ,TVS KING       ,NACIONAL            ,NAC-00000015.jpg              ,0
ATM-24170508        ,M,RESORTE SUSPENSION POSTERIOR                                ,RE2T. RE4T     ,ATMAK               ,ATM-24170508.jpg              ,0
END-24170508        ,M,RESORTE SUSPENSION POSTERIOR                                ,RE2T.RE4T      ,ENDURANCE           ,END-24170508.jpg              ,0
NAC-00000016        ,H,RESORTE SWITCH DE FRENO ANTIGUO                             ,RE2T. RE4T     ,NACIONAL            ,NAC-00000016.jpg              ,0
NAC-22150240        ,H,RESORTE ZAPATA ANTIGUA                                      ,RE2T. RE4T     ,NACIONAL            ,NAC-22150240.jpg              ,0
NAC-24151153        ,H,RESORTE ZAPATA CHICO DERECHO                                ,RE205. FL      ,NACIONAL            ,NAC-24151153.jpg              ,0
NAC-00000018        ,H,RESORTE ZAPATA TVS                                          ,TVS KING       ,NACIONAL            ,NAC-00000018.jpg              ,0
BAJ-24131075        ,M,RETEN                                                       ,TORITO 2T UG   ,BAJAJ               ,BAJ-24131075.jpg              ,0
MRP-00000016        ,H,RETEN DE ACEITE METALICO DE BRAZO ARRASTRE (35-47-8)        ,RE2T. RE4T     ,MRP                 ,MRP-00000016.jpg              ,0
BAJ-39174419        ,M,RETEN DE ACEITE SIN FIN                                     ,TORITO 4T 205D ,BAJAJ               ,BAJ-39174419.jpg              ,0
BAJ-39104119        ,M,RETEN DE ARRANQUE                                           ,TORITO 2T UG   ,BAJAJ               ,BAJ-39104119.jpg              ,0
BAJ-39171519        ,M,RETEN DE CARTER PARA CIGUENAL                               ,TORITO 4T 205  ,BAJAJ               ,BAJ-39171519.jpg              ,0
MRP-39135519        ,H,RETEN DE CIGUEÑAL 5L  (EMBRAGUE)                            ,RE2T           ,MRP                 ,MRP-39135519.jpg              ,0
MRP-00000017        ,H,RETEN DE CIGÜEÑAL 2T (55-33-5.6)                            ,RE2T           ,MRP                 ,MRP-00000017.jpg              ,0
BAJ-BF551613        ,M,RETEN DE COPA                                               ,TORITO 4T 205 D,BAJAJ               ,BAJ-BF551613.jpg              ,0
MRP-39171619        ,H,RETEN DE DIFERENCIAL 4T (25-40-7)                           ,RE175          ,MRP                 ,                              ,0
MRP-00000018        ,H,RETEN DE EJE DELANTERO (20-47-8)                            ,RE2T. RE4T     ,MRP                 ,MRP-00000018.jpg              ,0
MRP-00000019        ,H,RETEN DE EJE MAYOR DE MOTOR 2T (24-47-7)                    ,RE2T           ,MRP                 ,MRP-00000019.jpg              ,0
MRP-00000020        ,H,RETEN DE LEVA 4T (10-18-5)                                  ,RE4T           ,MRP                 ,MRP-00000020.jpg              ,0
MRP-39171519        ,H,RETEN DE MAGNETO 4T (22-35-7)                               ,RE175          ,MRP                 ,MRP-39171519.jpg              ,0
MRP-342             ,H,RETEN DE MOTOR 4T (7-26-6)                                  ,RE4T           ,MRP                 ,MRP-342.jpg                   ,0
MRP-00000021        ,H,RODAJE 6002 S/TAPA (15X32X9) EJE LEVAS 4T                   ,RE4T           ,MRP                 ,MRP-00000021.jpg              ,0
MRP-00000022        ,H,RODAJE 98305 S/TAPA CIGÜEÑAL 2T                             ,RE2T           ,MRP                 ,MRP-00000022.jpg              ,0
BAJ-30151039        ,M,RODAJE CARTER                                               ,TORITO 4T 205  ,BAJAJ               ,BAJ-30151039.jpg              ,0
BAJ-39186420        ,M,RODAJE CARTER 20X52 X15                                     ,TORITO 2T      ,BAJAJ               ,BAJ-39186420.jpg              ,0
MRP-39132420        ,H,RODAJE CIGÜEÑAL 4T 6305  (25X62X17)                         ,RE4T           ,MRP                 ,MRP-39132420.jpg              ,0
MRP-39145020        ,H,RODAJE DE BOCAMASA 6204 SELLADO                             ,RE2T. RE4T     ,MRP                 ,MRP-39145020.jpg              ,0
BAJ-39215320        ,M,RODAJE DE CIGÜEÑAL                                          ,RE4T 205       ,BAJAJ               ,BAJ-39215320.jpg              ,0
BAJ-24130105        ,M,RODAJE DE DIFERENCIAL                                       ,TORITO 2T 205  ,BAJAJ               ,BAJ-24130105.jpg              ,0
MRP-24130105        ,H,RODAJE DE DIFERENCIAL (16007)CORONA GRANDE                  ,RE4T           ,MRP                 ,MRP-24130105.jpg              ,0
BAJ-39121420        ,M,RODAJE DE TREN FIJO 20 X 42 X 12                            ,TORITO 4T 205  ,BAJAJ               ,BAJ-39121420.jpg              ,0
BAJ-39188020        ,M,RODAJE EJE LEVA 15X32X9                                     ,RE4T 205       ,BAJAJ               ,BAJ-39188020.jpg              ,0
BAJ-39254220        ,M,RODAJE EJE LEVAS 15 X 32 X 9                                ,RE4T 205       ,BAJAJ               ,BAJ-39254220.jpg              ,0
BAJ-DH101795        ,M,RODAJE EMBRAGUE                                             ,RE4T 205       ,BAJAJ               ,BAJ-DH101795.jpg              ,0
ATM-59200012        ,M,RODAJE POLINES 3520 S/PISTA TIPO AGUJA                      ,RE2T. RE4T     ,ATMAK               ,ATM-59200012.jpg              ,0
ATM-59200013        ,M,RODAJE POLINES 3523 S/PISTA TIPO AGUJA                      ,RE2T. RE4T     ,ATMAK               ,ATM-59200013.jpg              ,0
BAJ-39143520        ,M,RODAJE POLINES DIFERENCIAL                                  ,TORITO 4T 205  ,BAJAJ               ,BAJ-39143520.jpg              ,0
BAJ-DH101141        ,M,RODAJE SOPORTE EMBRAGUE                                     ,RE4T FL        ,BAJAJ               ,BAJ-DH101141.jpg              ,0
VAR-AZ351001        ,M,ROTOR 205                                                   ,RE205          ,VARROC              ,VAR-AZ351001.jpg              ,0
VAR-24111219        ,M,ROTOR 2T FL                                                 ,RE2T FL        ,VARROC              ,VAR-24111219.jpg              ,0
VAR-AN111009        ,M,ROTOR FL                                                    ,REFL           ,VARROC              ,VAR-AN111009.jpg              ,0
ATM-AN111009        ,M,ROTOR FL                                                    ,RE FL          ,ATMAK               ,ATM-AN111009.jpg              ,0
END-AA101471        ,M,RUEDA DE EMBRAGUE - PARA AA101469  205/FL                   ,RE205. REFL    ,ENDURANCE           ,END-AA101471.jpg              ,0
ATM-CM191049        ,M,SEGURO "R" / TIMON                                          ,RE2T. RE4T     ,ATMAK               ,ATM-CM191049.jpg              ,0
ATM-24171066        ,M,SEGURO "S" (TUERCA CASTILLO)                                ,RE2T. RE4T     ,ATMAK               ,ATM-24171066.jpg              ,0
ATM-24171014        ,M,SEGURO DE COPA                                              ,RE2T. RE4T     ,ATMAK               ,ATM-24171014.jpg              ,0
ATM-01100821        ,M,SEGURO DE PLATO APOYO 2T                                    ,RE2T           ,ATMAK               ,ATM-01100821.jpg              ,0
ATM-00000026        ,M,SEGURO EMBRAGUE 2T 5L                                       ,RE2T 5L        ,ATMAK               ,ATM-00000026.jpg              ,0
ATM-00000018        ,M,SEGURO ZAPATA C/REMCHAES                                    ,RE2T. RE4T     ,ATMAK               ,ATM-00000018.jpg              ,0
BAJ-AA101261        ,M,SELECTOR CAMBIO 4T 205                                      ,RE4T 205       ,BAJAJ               ,BAJ-AA101261.jpg              ,0
BAJ-AA101736        ,M,SELECTOR DE CAMBIOS FL                                      ,TORITO 4T R FAC,BAJAJ               ,BAJ-AA101736.jpg              ,0
BAJ-DK101097        ,M,SEPARADOR CIGÜEÑAL                                          ,RE4T           ,BAJAJ               ,                              ,0
ATM-24101645        ,M,SILENCIADOR 2T 5L                                           ,RE2T           ,ATMAK               ,ATM-24101645.jpg              ,0
ATM-AA101633        ,M,SILENCIADOR COMPLETO 205 (IZQ.)                             ,RE205          ,ATMAK               ,ATM-AA101633.jpg              ,0
ATM-G4050390        ,M,SILENCIADOR COMPLETO TVS KING                               ,TVS KING       ,ATMAK               ,ATM-G4050390.jpg              ,0
BAJ-AA101481        ,M,SINFIN DE EMBRAGUE                                          ,TORITO 4T 205  ,BAJAJ               ,BAJ-AA101481.jpg              ,0
BAJ-24121656        ,M,SOLENOIDE GASOLINA                                          ,RE205. FL GLP  ,BAJAJ               ,BAJ-24121656.png              ,0
BAJ-RA402601        ,M,SOLENOIDE GNV                                               ,RE205. FL GNV  ,BAJAJ               ,BAJ-RA402601.png              ,0
BAJ-24201456        ,M,SOLENOIDE GNV FL                                            ,RE FL GNV      ,BAJAJ               ,BAJ-24201456.png              ,0
BAJ-AA101194        ,M,SOPORTE  FRONTAL                                            ,TORITO 4T 205  ,BAJAJ               ,BAJ-AA101194.jpg              ,0
END-AA101474        ,M,SOPORTE DE EMBRAGUE (ESTRELLA)                              ,RE4T           ,ENDURANCE           ,END-AA101474.jpg              ,0
ARC-AB201083        ,M,SOPORTE DE MOTOR 2T                                         ,RE2T           ,AERO RUBBER         ,ARC-AB201083.jpg              ,0
NAC-00000007        ,H,SOPORTE LEVANTA TAPA POSTERIOR                              ,RE2T. RE4T     ,MRP                 ,NAC-00000007.jpg              ,0
LUM-06201396        ,H,SOQUETE + GUARDAPOLVO FARO DEL.                             ,RE2T. RE4T     ,LUMAX               ,LUM-06201396.jpg              ,0
LUM-AA201262        ,H,SOQUETE + GUARDAPOLVO FL/COMPACT                            ,REFL           ,LUMAX               ,LUM-AA201262.jpg              ,0
BAJ-AM201116        ,M,SWITCH COMANDO DERECHO MOD.                                 ,RE2T. RE4T     ,BAJAJ               ,BAJ-AM201116.jpg              ,0
LUM-AB201075        ,H,SWITCH DE FRENO 4T DESDE SEP'01                             ,RE2T.RE4T      ,LUMAX               ,LUM-AB201075.jpg              ,0
MRP-AF201094        ,H,SWITCH DE FRENO 4T MORDERNO                                 ,RE4T           ,MRP                 ,MRP-AF201094.jpg              ,0
BAJ-AP111023        ,M,SWITCH DE NEUTRO                                            ,TORITO 2T UG   ,BAJAJ               ,BAJ-AP111023.jpg              ,0
VAR-AF201094        ,M,SWITCH FRENO MODERNO                                        ,RE2T. RE4T     ,VARROC              ,VAR-AF201094.jpg              ,0
ATM-22151106        ,M,TAMBOR DE FRENO BAJAJ                                       ,RE2T. RE4T     ,ATMAK               ,ATM-22151106.jpg              ,0
ATM-G2110390        ,M,TAMBOR DE FRENO TVS KING                                    ,TVS KING       ,ATMAK               ,ATM-G2110390.jpg              ,0
BAJ-13101031        ,M,TAPA DE BALANCINES                                          ,TORITO 4T 205D ,BAJAJ               ,BAJ-13101031.jpg              ,0
ATM-52240664A       ,M,TAPA DE MOTOR POSTERIOR AZUL                                ,RE205          ,ATMAK               ,                              ,0
ATM-52240664N       ,M,TAPA DE MOTOR POSTERIOR NEGRA                               ,RE205          ,ATMAK               ,                              ,0
ATM-52240664R       ,M,TAPA DE PUERTA PORTERIOR ROJO                               ,RE205          ,ATMAK               ,                              ,0
BAJ-AN101257        ,M,TEMPLADOR CADENA                                            ,TORITO 4T R FAC,BAJAJ               ,BAJ-AN101257.jpg              ,0
BAJ-36AA4020        ,M,TENSADOR COMPLETO                                           ,RE4T           ,BAJAJ               ,BAJ-36AA4020.jpg              ,0
BAJ-DS101277        ,M,TENSADOR COMPLETO                                           ,TORITO 4T R FAC,BAJAJ               ,BAJ-DS101277.jpg              ,0
ATM-G52225001F      ,M,TOLDO MARRON TVS KING                                       ,TVS KING       ,ATMAK               ,ATM-G52225001F.jpg            ,0
BAJ-00000001        ,H,TOPE DE CAMBIO 5/16 LARGO                                   ,RE2T. RE4T     ,BAJAJ               ,BAJ-00000001.jpg              ,0
MRP-00000024        ,H,TOPE EMBRAGUE MODERNO                                       ,RE2T. RE4T     ,MRP                 ,MRP-00000024.jpg              ,0
ATM-24151221        ,M,TUBERIA DE FRENO FL                                         ,REFL           ,ATMAK               ,ATM-24151221.png              ,0
ATM-39118215        ,M,TUERCA CASTILLO / EJE POSTERIOR                             ,RE2T. RE4T     ,ATMAK               ,ATM-39118215.jpg              ,0
ATM-LCF00001        ,M,TUERCA CULATA (CIEGA 205) M8 X 1.25                         ,RE205          ,ATMAK               ,ATM-LCF00001.jpg              ,0
ATM-39236915        ,M,TUERCA CULATA M7                                            ,RE2T. RE4T     ,ATMAK               ,ATM-39236915.jpg              ,0
MRP-01170119        ,H,TUERCA DE EJE DELANTERO ANTIGUO                             ,RE2T. RE4T     ,MRP                 ,MRP-01170119.jpg              ,0
ATM-01170119        ,H,TUERCA DE EJE DELANTERO MODERNO                             ,RE2T. RE4T     ,ATMAK               ,ATM-01170119.jpg              ,0
ATM-G3200070        ,M,TUERCA EMBRAGUE TVS                                         ,TVS KING       ,ATMAK               ,ATM-G3200070.jpg              ,0
MRP-39069415        ,H,TUERCA ESPARRAGO EJE POST.                                  ,RE2T. RE4T     ,MRP                 ,MRP-39069415.jpg              ,0
MRP-01100613        ,H,TUERCA MAGNETO                                              ,RE4T           ,MRP                 ,MRP-01100613.jpg              ,0
MRP-AN10109         ,H,VALVULA ADMISION 4T                                         ,RE175          ,MRP                 ,MRP-AN10109.jpg               ,0
BAJ-AP121001        ,M,VALVULA DE LENGÜETA 2T FL                                   ,RE2TFL         ,BAJAJ               ,BAJ-AP121001.jpg              ,0
BAJ-AA131017        ,M,VARILLA DE NIVEL DEL DIFERENCIAL                            ,TORITO 4T 205  ,BAJAJ               ,                              ,0
BAJ-AA101073        ,M,VARILLA EMPUJE                                              ,RE4T 175. 205. ,BAJAJ               ,BAJ-AA101073.jpg              ,0
BAJ-AA101667        ,M,VARILLA NIVEL DE ACEITE                                     ,TORITO 4T 205  ,BAJAJ               ,BAJ-AA101667.jpg              ,0
MRP-22151097        ,H,VASO LIQUIDO FRENO 5L                                       ,RE 2T          ,MRP                 ,MRP-22151097.jpg              ,0
BAJ-AA101054        ,M,VASTAGO GUIA                                                ,TORITO 4T      ,BAJAJ               ,BAJ-AA101054.jpg              ,0
VAR-BA111016        ,M,VOLANTE MAGNETO (80T)                                       ,RE4T           ,VARROC              ,VAR-BA111016.jpg              ,0
ATM-00000017        ,M,VOLANTE MAGNETO 80 DIENTES                                  ,RE4T           ,ATMAK               ,ATM-00000017.jpg              ,0
ATM-00000023        ,M,VOLANTE MAGNETO TVS (101 DIENTES)                           ,TVS KING       ,ATMAK               ,ATM-00000023.jpg              ,0
END-24151136        ,M,ZAPATA DE FRENO MODERNA                                     ,RE2T. RE4T     ,ENDURANCE           ,END-24151136.jpg              ,0
END-G2110320        ,M,ZAPATA DE FRENO TVS                                         ,TVS KING       ,ENDURANCE           ,END-G2110320.jpg              ,0
